video_id,channel_id,thumbnail_url_default,tags,default_language,upload_time,created_channel_at,thumbnail_url_medium,title,duration,is_short,title_length,vid_hour_of_day,vid_day_of_week,subscriber_count,channel_views,video_count,channel_age_years,views
UVs37Q70VrE,UCeVBnXsh1quagEogYlGCwyA,https://i.ytimg.com/vi/UVs37Q70VrE/default.jpg,"cozy jazz cafe, coffee shop rain ambience, rainy jazz, autumn jazz music, relaxing rainy day jazz, soft piano jazz, study cafe ambience, relaxing coffee jazz, warm cozy jazz, smooth rainy jazz, cozy coffee shop jazz, rainy day jazz music, study jazz background, peaceful jazz piano, rainy day coffee music, relaxing piano jazz, rain sounds with jazz, jazz for studying and rain, background jazz music, winter fireplace ambience, winter ambience music, cozy winter ambience",en,2025-11-25T11:00:31Z,2025-10-07T21:01:02.393013Z,https://i.ytimg.com/vi/UVs37Q70VrE/mqdefault.jpg,Cozy Winter Coffee Shop ‚õÑ Relaxing Jazz & Warm Fireplace Sounds for Study and Work,0.14814394498223785,0.0,0.793103448266746,0.47826086954442343,0.16666666663888888,0.23937303487274197,0.2900506561715766,0.08496732026135857,0.0,0.38867510052053095
tDFIKQEnSpQ,UCtfQGNqooC1wPtrDslZFNCQ,https://i.ytimg.com/vi/tDFIKQEnSpQ/default.jpg,"relaxing cafe jazz, cozy autumn ambience, autumn jazz music, peaceful jazz caf√©, rainy autumn jazz, cozy jazz atmosphere, warm jazz ambience, peaceful autumn jazz for rainy days, cozy autumn ambience with gentle rain, autumn evening jazz, cozy jazz ambience, fireplace jazz ambience, soft piano jazz with rain, autumn rain jazz music, peaceful study jazz, smooth background jazz, soft winter jazz fireplace, winter coffee shop jazz, smooth winter jazz, relaxing fireplace jazz",en,2025-12-23T02:28:57Z,2025-10-20T10:21:02.01082Z,https://i.ytimg.com/vi/tDFIKQEnSpQ/mqdefault.jpg,Cozy Christmas Caf√© Atmosphere ‚òï Soft Jazz Piano & Fireplace Sounds for Study and Focus,0.4786023128340674,0.0,0.8505747126339014,0.08695652173534972,0.16666666663888888,0.23507619788393994,0.30045507473241184,0.06255835667594532,0.0,0.20991025783059855
MkeGihSD63o,UCMQPPQWygUStw8HzrxX8_hA,https://i.ytimg.com/vi/MkeGihSD63o/default.jpg,"Peaceful Christmas Moments, christmas music, relaxing christmas music, peaceful christmas music, instrumental christmas music, christmas songs, xmas song, xmas music, xmas, christmas, christmas ambience, christmas ambient, christmas background music, xmas background music, relaxing music, christmas music 2026, christmas song 2026, heavenly christmas music, christmas background, christmas tree, christmas song, merry christmas, christmas carols, christmas piano, soft piano",en,2025-12-06T15:19:00Z,2025-11-04T08:24:03.293182Z,https://i.ytimg.com/vi/MkeGihSD63o/mqdefault.jpg,"Relaxing Christmas Carol Music üéÅ Quiet and Comfortable Instrumental Music, Christmas Ambience 2026",0.13718124765936043,0.0,0.9770114942416435,0.6521739130151228,0.8333333331944445,0.2530958914379583,0.27510963256792126,0.03454715219417876,0.0,0.5872493331784934
nftGJDj8ho0,UCmCB1HBrYFuBPyvkcweFhlg,https://i.ytimg.com/vi/nftGJDj8ho0/default.jpg,"smooth r&b, soulful r&b, r&b chill mix, smooth soul music, r&b soul playlist, relaxing r&b, emotional r&b, chill r&b, smooth groove, soft r&b, romantic r&b, r&b love songs, study r&b, late night r&b, slow jams 2025, soulful chill music, chill soul vibes, smooth r&b 2025, r&b background music, r&b slow groove, modern soul, r&b soul mix, mellow r&b, sensual r&b, peaceful r&b, romantic soul mix, smooth r&b playlist USA, soulful r&b slow jam, chill and relax music",en,2025-10-16T00:01:00Z,2025-10-07T02:13:57.893642Z,https://i.ytimg.com/vi/nftGJDj8ho0/mqdefault.jpg,Soulful R&B Vibes üíñ Smooth Love Songs & Emotional Chill Mix for the Heart,0.09359147497077643,0.0,0.689655172405866,0.0,0.49999999991666666,0.34707455638092777,0.3456328335395424,0.07189542483653417,0.0,0.6030510036530873
9yOPk65AEA0,UCaAz9SSxPeqpoXbvH3NnF1A,https://i.ytimg.com/vi/9yOPk65AEA0/default.jpg,"christmas songs, christmas music, top christmas songs, top christmas music, christmas songs 2025, merry christmas, christmas songs playlist, best christmas songs, top christmas songs 2025, christmas songs forever, top 100 christmas songs, best christmas songs of all time, all i want for christmas, jingle bells, silient night, love to sing, noel music, noel 2025, merry christmas 2025, top christmas songs of all time, christmas songs and carols, mariah carey, ariana grande",en,2025-11-16T10:00:06Z,2025-05-19T04:19:35.099824Z,https://i.ytimg.com/vi/9yOPk65AEA0/mqdefault.jpg,"Ariana Grande, Mariah Carey, Justin Bieber, Christmas Songs Christmas Songs Playlist 2026",0.12335871625225411,0.0,0.8735632183807636,0.43478260867674856,0.9999999998333333,0.32845681956873785,0.35597760039447784,0.08123249299712303,0.0,0.29485144673507147
rVifZxxcsNs,UCldNm3iiTQ9w6q6InHHz26Q,https://i.ytimg.com/vi/rVifZxxcsNs/default.jpg,"Christmas, Christmas Ambience, Fire Sounds, Fireplace, 4k fireplace, ASMR, Asmr sounds, Fireplace burning, Relaxing music, asmr for sleep, christmas background music, christmas fireplace, christmas music, christmas songs, fireplace 4k, fireplace ambience, fireplace christmas, instrumental christmas music, jazz relaxing music, relaxing christmas music, relaxing music sleep, sleep music, visual asmr, relaxing music, Relaxation, Study, New year 2025, Happy new year",en,2024-12-30T23:31:18Z,2021-09-11T17:38:14.523347Z,https://i.ytimg.com/vi/rVifZxxcsNs/mqdefault.jpg,BEAUTIFUL CHRISTMAS MUSIC 2025 üéÅüé∂ Top Christmas Songs of All Time for Relaxation üé∂ Fireplace 4küî•,0.12318848803295478,0.0,0.9540229884947813,0.9999999999565218,0.0,0.3172658670678744,0.3428081431096121,0.0700280112044164,0.22222222220987653,0.5862339287139862
n2z9G6pMJn0,UCIBMl8hELWupwafa2cDIHkw,https://i.ytimg.com/vi/n2z9G6pMJn0/default.jpg,"fireplace christmas jazz, cozy christmas cabin ambience, relaxing christmas ambience, christmas jazz music, winter cabin fireplace, holiday sleep music, christmas stress relief, peaceful christmas ambience, cozy winter jazz, fireplace crackle christmas, snowfall ambience sleep, calm christmas night, winter relaxation ambience, christmas reading music, holiday background jazz, deep sleep christmas ambience, relaxing winter sounds, cozy cabin christmas jazz, velvet jazz notes",en,2025-11-30T20:49:47Z,2011-04-26T07:39:52Z,https://i.ytimg.com/vi/n2z9G6pMJn0/mqdefault.jpg,Fireplace Christmas Jazz in a Cozy Christmas Cabin Ambience ‚ùÑÔ∏è Gentle Snowfall for Relaxing & Sleep,0.25661336631977644,0.0,0.9885057471150746,0.8695652173534971,0.9999999998333333,0.339874563026775,0.4283252873000369,0.13818860877671504,0.7777777777345679,0.24812618655980404
7Y2ukAKifRg,UCGECsqDpDd58G161CBL9xFQ,https://i.ytimg.com/vi/7Y2ukAKifRg/default.jpg,"winter ambiance, winter cafe vibes, soft piano jazz, deep focus jazz, cozy reading, relaxation music, lounge music, study jazz playlist, background music, instrumental jazz, peaceful jazz, chill jazz, snowy village, work from home, focus music, stress relief, winter music, cafe jazz, reading music, study music, cozy winter ambiance, winter evening jazz, gentle jazz, slow jazz, concentration music, relaxing piano, quiet jazz, atmospheric jazz, serene jazz",en,2025-11-24T09:31:16Z,2017-04-10T15:54:14Z,https://i.ytimg.com/vi/7Y2ukAKifRg/mqdefault.jpg,Winter Cafe Vibes ~ Soft Piano Jazz for Deep Focus & Cozy Reading Ambience,0.03422722062712037,0.0,0.7011494252792971,0.39130434780907375,0.0,0.0871305963579347,0.0975519935459132,0.045751633986885386,0.44444444441975306,0.4062953407286168
OO2kPK5-qno,UCFHHuuy5uE3S-wJaWoY10mQ,https://i.ytimg.com/vi/OO2kPK5-qno/default.jpg,"lofi, lofi music, lofi mix, lofi hip hop, study lofi, study music, music, lofi chill, chill, lofi vibes, lofi songs, relaxing, chill music, playlist, sleeping music, sleep, relax, coffee, radio, study, coffee beats, chillhop, mellow, mix, lofi radio, lofi sleep, background music, playlist chill, playlist music, summer music, summer, deep house mix, relaxing sleep music, coffee shop music, heal the soul, coffee shop, Lofi Coffee, Make you feel positive and peaceful",en,2024-05-18T12:00:23Z,2023-09-11T08:09:11.003664Z,https://i.ytimg.com/vi/OO2kPK5-qno/mqdefault.jpg,Make you feel positive and peaceful üçÄ Lofi Coffee ‚òï ~ Lofi Hip Hop - Lofi Music [ Study/ Relax ],0.9999999999999886,0.0,0.9540229884947813,0.5217391304120983,0.8333333331944445,0.4717492190931982,0.5389980501904238,0.1979458450044837,0.11111111110493826,0.8462218295160392
BYTxPFj44uo,UCiC2wfbkgr8DU5uOQFz9OrQ,https://i.ytimg.com/vi/BYTxPFj44uo/default.jpg,"lofi, hiphop, chill, beats, playlist, chillhop, relaxingmusic, studybeats, instrumentalmusic, jazzhop, nostalgicvibes, cozybeats, smoothvibes, urbanbeats, soulfulsounds, melancholicmelodies, lofibeats, ambienthiphop, calmingtracks, beatstrumentals, mellowgrooves, vintagevibes, chillvibes, Ghibli, nujabes, common, Jdilla, jdilla instrumental, jazz hiphop, Chill Music",en,2025-04-13T10:40:54Z,2024-05-21T15:22:40.406155Z,https://i.ytimg.com/vi/BYTxPFj44uo/mqdefault.jpg,Why the rush? - lo-fi beats for work/study / cat jazz,0.13706776217982752,0.0,0.459770114937244,0.43478260867674856,0.9999999998333333,0.5704491125649788,0.5478075586525608,0.5191409897287403,0.05555555555246913,0.6816540335075159
AMcVJmb5mvk,UCkK2B6D3imy6EnpqfrYm-5A,https://i.ytimg.com/vi/AMcVJmb5mvk/default.jpg,"chill music, japanese chill music, lofi hiphop strem, japanese lofi music, lofi hiphop playlist, japanese playlist, 80s lofi songs, lofi song, music for focus, lofi tokyo",en,2025-04-09T13:15:01Z,2024-05-24T04:21:50.165934Z,https://i.ytimg.com/vi/AMcVJmb5mvk/mqdefault.jpg,ùêèùê•ùêöùê≤ùê•ùê¢ùê¨ùê≠ 90s Japanese Lofi Hiphop ‚òïÔ∏èNostalgic Chill Vibes,0.11730994019315096,0.0,0.5057471264309684,0.5652173912797731,0.33333333327777775,0.4881765434939963,0.5057604414483036,0.22969187675048583,0.05555555555246913,0.6513504207425816
sSmFBQIyXyE,UC44lYkbvNV89fK-ejMA4sAw,https://i.ytimg.com/vi/sSmFBQIyXyE/default.jpg,"relaxing jazz, jazz music, smooth jazz, jazz piano, soft jazz, jazz instrumental, coffee shop ambience, cafe ambience, coffee shop jazz, cafe jazz, cozy ambience, cozy coffee shop, london cafe jazz, rain sounds, rainy jazz, jazz and rain, autumn jazz, fall jazz, autumn ambience, rainy autumn day, work jazz, study jazz, focus music, relax jazz, piano jazz, jazz",en,2025-10-18T04:00:30Z,2025-09-26T14:05:52.416814Z,https://i.ytimg.com/vi/sSmFBQIyXyE/mqdefault.jpg,"Cozy Coffee Shop on a Rainy Day üçÇ Soft Jazz for Relaxation, Study, Work & Calm Nights #8",0.1252879694043133,0.0,0.8620689655073325,0.17391304347069944,0.8333333331944445,0.2556392968700193,0.26351177598302167,0.0774976657328875,0.0,0.5209217610381552
KjQZ31ghl_M,UCqWvouT4yc3ELM2Qq9Tv1RQ,https://i.ytimg.com/vi/KjQZ31ghl_M/default.jpg,"jazz for relax, relaxing jazz music, jazz piano music, jazz instrumental music, cafe music, coffee shop music, jazz, best of jazz, relaxing jazz, jazz music, piano jazz, jazz instrumental, jazz relaxing music, smooth jazz, coffee relaxing jazz, relaxing jazz instrumental, instrumental music, smooth jazz music, elegant jazz, sweet jazz, happy jazz, positive jazz, coffee jazz, cozy jazz, quiet winter night cafe, gentle jazz instrumental, relaxing mood, winter jazz",en,2024-12-12T03:59:56Z,2022-12-15T07:11:51.651737Z,https://i.ytimg.com/vi/KjQZ31ghl_M/mqdefault.jpg,Cozy Jazz at a Quiet Winter Night Cafe ‚òï Gentle Jazz Instrumental for a Relaxing Mood ~ Winter Jazz,0.47998683568436873,0.0,0.9885057471150746,0.13043478260302457,0.49999999991666666,0.4138371575182092,0.469308539435318,0.19701213818842483,0.1666666666574074,0.666431320482362
4UtIGfJ1W9s,UCdTSgFVfKZAQivSEX6Z52vA,https://i.ytimg.com/vi/4UtIGfJ1W9s/default.jpg,"movie clips, clips, movies, HD clips, film clip, film scenes, action scenes, fight scene, john wick fights, john wick scene, john wick edit, john wick fight, john wick clip, john wick fight scene, john wick movies, john wick cuts, john and Iosef scene, Iosef Trasov, keanu reeves, keanu reeves scene, keanu reeves fan, 4K, UHD, UltraHD, HighDefinition, 4KVideo, 4KFootage, 4KClips, 4KContent, 4KExperience, good fortune new movie, keanu reeves good fortune, keanu reeves new movie",en,2025-11-02T20:00:08Z,2023-10-02T16:20:41.897692Z,https://i.ytimg.com/vi/4UtIGfJ1W9s/mqdefault.jpg,‚ÄúYou Stole John Wick‚Äôs Car... and Killed His Dog‚Äù (Full Scene) | John Wick,0.0,0.0,0.7011494252792971,0.8695652173534971,0.9999999998333333,0.5540381448056458,0.6925204192106815,0.9999999999990663,0.11111111110493826,0.8308696617768834
HF67uRuxxAQ,UC9RjpXPy3WQ0raDhzU5mLeQ,https://i.ytimg.com/vi/HF67uRuxxAQ/default.jpg,"december jazz, december coffee jazz, smooth bossa nova piano, happy coffee music, winter jazz music, cozy december cafe music, relaxing jazz for study, jazz music for work, soft winter jazz, winter coffee shop ambience, good mood jazz, chill bossa nova jazz, background jazz music, smooth cafe jazz playlist, calm winter jazz, december morning jazz, soft bossa nova for focus, cozy jazzy vibes, relaxing cafe ambience, winter smooth jazz mix, cafe jazz",en,2025-11-30T08:30:29Z,2025-07-01T14:53:21.128189Z,https://i.ytimg.com/vi/HF67uRuxxAQ/mqdefault.jpg,[December Jazz] ‚òï‚ùÑÔ∏è Happy Coffee Music and Smooth Bossa Nova Piano for Good Moods,0.13679539702894858,0.0,0.7816091953933149,0.3478260869413989,0.9999999998333333,0.18477916635296265,0.2714479522582262,0.08590102707741747,0.0,0.3482981909710023
kzY3A75FwDI,UCeVBnXsh1quagEogYlGCwyA,https://i.ytimg.com/vi/kzY3A75FwDI/default.jpg,"cozy jazz cafe, coffee shop rain ambience, rainy jazz, autumn jazz music, relaxing rainy day jazz, soft piano jazz, study cafe ambience, relaxing coffee jazz, warm cozy jazz, smooth rainy jazz, cozy coffee shop jazz, rainy day jazz music, study jazz background, peaceful jazz piano, rainy day coffee music, relaxing piano jazz, rain sounds with jazz, jazz for studying and rain, background jazz music, winter fireplace ambience, winter ambience music, cozy winter ambience",en,2025-11-23T11:00:19Z,2025-10-07T21:01:02.393013Z,https://i.ytimg.com/vi/kzY3A75FwDI/mqdefault.jpg,"Warm Winter Coffee Shop ‚ùÑÔ∏è Soft Piano Jazz Music & Fireplace Ambience for Study, Work & Relax",0.14672537648807668,0.0,0.919540229874488,0.47826086954442343,0.9999999998333333,0.23937303487274197,0.2900506561715766,0.08496732026135857,0.0,0.3460014596318456
2wYtJwDkKIk,UCwtHGEAtOm9Jdd1JwvS67gA,https://i.ytimg.com/vi/2wYtJwDkKIk/default.jpg,"fireplace 10 hours, fireplace sounds, virtual fireplace, 4k fireplace, christmas fireplace, christmas fire, fireplace christmas, fireplace crackling, fireplace 2160p, fireplace screen, fireplace screen saver, fireplace, fireplace hd 1080p, fireplace on tv, fireplace romantic, fire, logs, burning logs, crackling logs, fireplace burning, fireplace 4K, cozy fireplace, fireplace video, fireplaces, fireplace screensaver, 10 hours video, fireplace video hd, fireplace virtual, –∫–∞–º–∏–Ω",en,2024-11-25T06:02:57Z,2017-05-01T09:06:53Z,https://i.ytimg.com/vi/2wYtJwDkKIk/mqdefault.jpg,üî• The Best Burning Fireplace: Cozy Crackling Logs and Soothing Glow for Sleep and Relaxation 4K UHD,0.11581193186331677,0.0,0.9885057471150746,0.26086956520604915,0.0,0.5583001403279919,0.678459436513343,0.4883286647987971,0.44444444441975306,0.8965034545115378
qiH74Z5-dO0,UCiC2wfbkgr8DU5uOQFz9OrQ,https://i.ytimg.com/vi/qiH74Z5-dO0/default.jpg,"lofi, hiphop, chill, beats, playlist, chillhop, relaxingmusic, studybeats, instrumentalmusic, jazzhop, nostalgicvibes, cozybeats, smoothvibes, urbanbeats, soulfulsounds, melancholicmelodies, lofibeats, ambienthiphop, calmingtracks, beatstrumentals, mellowgrooves, vintagevibes, chillvibes, Ghibli, nujabes, common, Jdilla, jdilla instrumental, jazz hiphop, Chill Music",en,2025-06-21T10:30:45Z,2024-05-21T15:22:40.406155Z,https://i.ytimg.com/vi/qiH74Z5-dO0/mqdefault.jpg,"I will persist until success.  / Jazzy Lo-fi Beats for Study, Focus",0.1209414755382035,0.0,0.6206896551652794,0.43478260867674856,0.8333333331944445,0.5704491125649788,0.5478075586525608,0.5191409897287403,0.05555555555246913,0.6372180689859506
Ale1MhJPjI4,UCrU-KP9aAjU7q0vL9FPeQEw,https://i.ytimg.com/vi/Ale1MhJPjI4/default.jpg,"fireplace christmas music, christmas songs, christmas music, christmas songs playlist, christmas fireplace, christmas music fireplace, frank sinatra christmas songs, fireplace, christmas, christmas music playlist, yule log christmas music, old christmas songs, michael buble christmas, frank sinatra christmas, christmas song, top 100 christmas songs, christmas carols, relaxing music, classic christmas, christmas oldies, Frank Sinatra, Bing Crosby, Nat King Cole, Dean Martin.",en,2025-12-07T17:00:25Z,2025-10-30T04:19:54.227366Z,https://i.ytimg.com/vi/Ale1MhJPjI4/mqdefault.jpg,Top 100 Christmas Songs of All Time üéÖ Classic Christmas Music with Fireplace üéÖ Merry Christmas 2026,0.06499313412848752,0.0,0.9885057471150746,0.7391304347504726,0.9999999998333333,0.26832233642104253,0.3900473120383642,0.01027077497664774,0.0,0.4163361650284285
0Bp7X-lqU6A,UCZR3-lM6Z-n5_UGHlwx_Rpw,https://i.ytimg.com/vi/0Bp7X-lqU6A/default.jpg,"jazz, jazz music, christmas jazz, smooth jazz, relaxing jazz, warm jazz, piano jazz, jazz piano, coffee shop music, coffee shop ambience, coffee shop jazz, jazz coffee shop music, christmas coffee shop, christmas coffee shop ambience, christmas jazz music, smooth jazz music, relaxing jazz music, jazz relaxing music, warm jazz music, piano jazz music, smooth christmas jazz, relaxing christmas jazz, warm christmas jazz, warm piano jazz, christmas ambience, relax jazz cafe",en,2025-12-23T04:03:47Z,2023-05-05T03:50:38.113607Z,https://i.ytimg.com/vi/0Bp7X-lqU6A/mqdefault.jpg,Smooth Christmas Jazz Music for Relaxing üéÑ Christmas Coffee Shop Ambience ~ Warm Piano Jazz Music,0.4800095327802753,0.0,0.9655172413682124,0.17391304347069944,0.16666666663888888,0.5569007337470976,0.593340877232796,0.23249299719866248,0.11111111110493826,0.33745324114511294
JDY_pY9SX8o,UCSo7Wq4VyfW5v1RpMLvWN-g,https://i.ytimg.com/vi/JDY_pY9SX8o/default.jpg,"christmas music, relaxing christmas music, peaceful christmas music, instrumental christmas music, christmas songs, xmas song, xmas music, xmas, christmas, christmas ambience, christmas ambient, christmas background music, xmas background music, relaxing music, christmas music 2026, christmas song 2026, heavenly christmas music, christmas background, christmas tree, christmas morning, christmas song, merry christmas, christmas carols, christmas piano, soft piano, relax, sleep",en,2025-12-23T02:53:11Z,2019-06-07T15:59:26Z,https://i.ytimg.com/vi/JDY_pY9SX8o/mqdefault.jpg,Christmas Eve Relaxing Music with Snowfall and Crackling Fireplace to Relax and Enjoy the Season,0.4794648024785174,0.0,0.9540229884947813,0.08695652173534972,0.16666666663888888,0.4578039012409023,0.4692967767290392,0.05975723622776867,0.3333333333148148,0.0
oib5IU4yO3k,UCus9qpFJtXYjUlCSs_wrKJA,https://i.ytimg.com/vi/oib5IU4yO3k/default.jpg,"fireplace, christmas ambience, christmas fireplace, fireplace christmas music, christmas music fireplace, christmas fireplace music, relaxing christmas music, fireplace christmas, fireplace music, christmas ambience music, fireplace with christmas music, fireplace ambience, christmas ambience fireplace, holiday fireplace, christmas ambiance, beautiful christmas music 2026, instrumental christmas music, cracking fireplace for relaxation, christmas, relaxing, christmas carols, relax",en,2025-10-31T12:01:49Z,2024-10-31T12:21:55.322114Z,https://i.ytimg.com/vi/oib5IU4yO3k/mqdefault.jpg,Peaceful Christmas Music for Relaxation - Relaxing Christmas Ambience - Warm Fireplace and Soft Snow,0.11595946298670953,0.0,0.9999999999885058,0.5217391304120983,0.6666666665555555,0.374355801259503,0.4412838044038091,0.2250233426701914,0.05555555555246913,0.7591256973831412
IUylomBQV9M,UCSLn-1H1xuXzHeCCM3iiMYw,https://i.ytimg.com/vi/IUylomBQV9M/default.jpg,"golden christmas, bing crosby christmas, frank sinatra holiday, dean martin christmas songs, nat king cole christmas, andy williams christmas, gene autry christmas, classic christmas songs, vintage christmas music, christmas oldies playlist, 1940s christmas music, 1950s christmas songs, christmas crooners, christmas playlist 2025, Bing Crosby, Frank Sinatra, Dean Martin, Gene Autry, Andy Williams, Nat King Cole",en,2025-11-14T11:00:40Z,2007-11-13T18:56:52Z,https://i.ytimg.com/vi/IUylomBQV9M/mqdefault.jpg,"Bing Crosby, Frank Sinatra, Dean Martin, Gene Autry, Andy Williams, Nat King ColeüéÑ Golden Christmas",0.07818014685020963,0.0,0.9885057471150746,0.47826086954442343,0.6666666665555555,0.28829466240674634,0.3496046357624017,0.028011204481766562,0.9999999999444444,0.725661530296671
SuzmYTFGBuQ,UCWK2EvwgBDSJogxf8tAhuZQ,https://i.ytimg.com/vi/SuzmYTFGBuQ/default.jpg,"lo-fi, lofi, lofi relaxation, lofi chill, lofi hiphop, hiphop chill, lofi girl, lofi hip hop, lofi beats, lofi music, lofi songs, lofi study music, lofi jazz, lofi sleep, lofi asmr, lofi anime, lofi ambience, lofi ambient, lofi anime music, lofi beats to study to, lofi beats chill, lofi background music, lofi beats to sleep to, lofi coffee shop, lofi chill music, lofi ambient music",en,2025-09-22T02:46:05Z,2025-02-06T02:41:02.423602Z,https://i.ytimg.com/vi/SuzmYTFGBuQ/mqdefault.jpg,"Lofi Zen - Kyoto Sake Bar Rain with Lo-fi Chillhop at Night | For Study, Sleep, or Relaxation | 4K",0.13618257543947096,0.0,0.9770114942416435,0.08695652173534972,0.0,0.38093745632080867,0.32385252067302656,0.015873015873001054,0.0,0.48263770448926063
UYwhisrQ-po,UCinqfJ9-v5-HHqTskU2LlIw,https://i.ytimg.com/vi/UYwhisrQ-po/default.jpg,"lofi, lofi hip hop, study music, chilled lofi, r&b lofi, r&b, lofi study, lofi to vibe too, lofi to study too, lofi soul, soul lofi, guitar lofi, chill lofi, LOFI, R&B LOFI, R&B, lofi vibes, R&B Vibes, lofi hiphop, rnblofi, neo soul, neo soul instrumental, jazz soul, jazz soul lofi, NEO SOUL LOFI, LOFI HIPHOP, work lofi, lofi work, upbeat lofi, upbeat lofi music, neo soul lofi, lofi neo soul",en,2024-08-20T12:00:35Z,2023-10-18T17:09:49.410458Z,https://i.ytimg.com/vi/UYwhisrQ-po/mqdefault.jpg,Work Lofi for Productivity & Focus - Smooth lofi hiphop/ neo soul beats,0.11575518912355032,0.0,0.6666666666590038,0.5217391304120983,0.16666666663888888,0.4567243771071039,0.44516507020900736,0.12324929971977287,0.11111111110493826,0.5310350550331637
VlDTMIgGbRo,UCnmGIkw-KdI0W5siakKPKog,https://i.ytimg.com/vi/VlDTMIgGbRo/default.jpg,"Ryan, Trahan",en,2024-03-16T15:00:29Z,2013-10-27T02:06:20Z,https://i.ytimg.com/vi/VlDTMIgGbRo/mqdefault.jpg,I Tested 1-Star Drive Thrus,0.013470726420554337,0.0,0.1609195402280354,0.6521739130151228,0.8333333331944445,0.9999999999055413,0.9999999999070043,0.4425770308119117,0.6666666666296296,0.9999999998842308
9F0Kzbni5R0,UCWK2EvwgBDSJogxf8tAhuZQ,https://i.ytimg.com/vi/9F0Kzbni5R0/default.jpg,"lo-fi, lofi, lofi relaxation, lofi chill, lofi hiphop, hiphop chill, lofi girl, lofi hip hop, lofi beats, lofi music, lofi songs, lofi study music, lofi jazz, lofi sleep, lofi asmr, lofi anime, lofi ambience, lofi ambient, lofi anime music, lofi beats to study to, lofi beats chill, lofi background music, lofi beats to sleep to, lofi coffee shop, lofi chill music, lofi ambient music",en,2025-06-08T17:38:32Z,2025-02-06T02:41:02.423602Z,https://i.ytimg.com/vi/9F0Kzbni5R0/mqdefault.jpg,Lofi Zen ‚Äì Nestled Above the City ‚Äì Rain and Lo-fi Relaxation | Peaceful Urban Ambience | 4K,0.1236991726908528,0.0,0.9080459770010569,0.7391304347504726,0.9999999998333333,0.38093745632080867,0.32385252067302656,0.015873015873001054,0.0,0.5347720156829379
THh4fT0O7IY,UCinqfJ9-v5-HHqTskU2LlIw,https://i.ytimg.com/vi/THh4fT0O7IY/default.jpg,"lofi, lofi hip hop, study music, chilled lofi, r&b lofi, r&b, lofi study, lofi to vibe too, lofi to study too, lofi soul, soul lofi, guitar lofi, chill lofi, LOFI, R&B LOFI, R&B, lofi vibes, R&B Vibes, lofi hiphop, rnblofi, neo soul, neo soul instrumental, jazz soul, jazz soul lofi, NEO SOUL LOFI, LOFI HIPHOP, work lofi, lofi work, upbeat lofi, upbeat lofi music, deep focus music, deep focus lofi",en,2025-02-10T13:00:49Z,2023-10-18T17:09:49.410458Z,https://i.ytimg.com/vi/THh4fT0O7IY/mqdefault.jpg,"Upbeat Lofi - Deep Focus & Energy for Work [R&B, Neo Soul, Lofi Hiphop]",0.13105303176458422,0.0,0.6666666666590038,0.5652173912797731,0.0,0.4567243771071039,0.44516507020900736,0.12324929971977287,0.11111111110493826,0.6793003727719262
mlZhNZkH48o,UCjmZqHqR_GS0QTKYb3LgRpg,https://i.ytimg.com/vi/mlZhNZkH48o/default.jpg,"christmas music, frank sinatra christmas, dean martin holiday, vintage christmas songs, christmas carols, timeless christmas, oldies christmas, brenda lee christmas songs, 50s and 60s Holiday, Retro Celebration, Classic Christmas Carols, vintage christmas music, christmas oldies, classic christmas songs, retro christmas playlist, 1940s christmas music, golden oldies christmas, nostalgic christmas songs, vintage holiday music, christmas classics playlist",en,2025-11-25T11:09:56Z,2023-09-28T05:46:06.484338Z,https://i.ytimg.com/vi/mlZhNZkH48o/mqdefault.jpg,"Frank Sinatra, Nat King Cole, Bing Crosby, Dean Martin üéÑ Old Christmas Songs 1960s-70s, 3 Hours Long",0.15586095759047452,0.0,0.9999999999885058,0.47826086954442343,0.16666666663888888,0.3600116160711345,0.3860965899648302,0.025210084033589906,0.11111111110493826,0.7335230991360578
9jVykkV6tvQ,UCcVXJ4M2mVEwZQEeJcQMmaQ,https://i.ytimg.com/vi/9jVykkV6tvQ/default.jpg,"italy caf√©, work jazz, jazz, jazz music, bossa nova, relaxing jazz, instrumental music, positive jazz, morning jazz, bossa nova piano, jazz for work, study jazz, jazz instrumental, bossa nova music, positive jazz music, morning jazz music, jazz cafe, bossa nova jazz, smooth jazz, soft jazz, cat coffee, italy, italy cafe, italy music, italian cafe music, relaxing jazz music, instrumental jazz, italian caf√© ambiance, productivity music, italian music, cafe music",en,2025-01-14T02:19:51Z,2018-09-21T16:42:43Z,https://i.ytimg.com/vi/9jVykkV6tvQ/mqdefault.jpg,Italy Caf√© | Relaxing Jazz Instrumental Music & Positive Morning Bossa Nova Piano for Work and Study,0.4800095327802753,0.0,0.9999999999885058,0.08695652173534972,0.16666666663888888,0.41698950506499766,0.44979261451565977,0.07282913165259307,0.38888888886728395,0.567654574311398
HifzBj05txw,UCgkAYTIZ-rq_GaMma0YoZEg,https://i.ytimg.com/vi/HifzBj05txw/default.jpg,"cozy cabin fireplace for sleep, cozy winter hut ambience for sleep, cozy winter cabin ambience, cozy cabin sleep ambience, fireplace for cozy sleep, cozy winter blizzard for sleep, cozy fireplace ambience fall, cozy winter hut for sleep, cozy winter hut for deep sleep, winter ambience fireplace, winter fireplace ambience, forest cabin ambience, cozy fireplace ambience, cabin fireplace ambience, cozy winter ambience with crackling fire, piano and fireplace ambience",en,2025-12-23T01:51:52Z,2025-07-24T09:46:26.185924Z,https://i.ytimg.com/vi/HifzBj05txw/mqdefault.jpg,"Warm Winter Cabin Living Room ‚ùÑÔ∏è Gentle Piano, Snowfall & Fireplace for Relaxation",0.4800322298761819,0.0,0.793103448266746,0.04347826086767486,0.16666666663888888,0.23882946448765588,0.31029156386242884,0.0830999066292408,0.0,0.1476318987648169
phRZKH1tQsQ,UChHWD7ZuIe-V6Kt1S-znMhA,https://i.ytimg.com/vi/phRZKH1tQsQ/default.jpg,"music, ÏùåÏïÖ, Î™®ÎèôÏà≤, Î™®Ïó¨Î¥êÏöîÎèôÎ¨ºÏùòÏà≤, ÎèôÎ¨ºÏùòÏà≤, Ìï¥ÌîºÌôà, Ìï¥ÌîºÌôàÌååÎùºÎã§Ïù¥Ïä§, Î™®ÎèôÏà≤Ìï¥ÌîºÌôà, Î™®Ïó¨Î¥êÏöîÎèôÎ¨ºÏùòÏà≤Ìï¥ÌîºÌôàÌååÎùºÎã§Ïù¥Ïä§, acnh, animalcrossing, animalcrossingnewhorizon, „ÅÇ„Å§Ê£Æ, „Éè„ÉÉ„Éî„Éº„Éõ„Éº„É†„Éë„É©„ÉÄ„Ç§„Çπ, „Éè„Éî„Éë„É©, happyhomeparadise, happyhome, acnhhappyhome, Î∞∞Í≤ΩÏùåÏïÖ, BGM, Î∏åÍ∏à, Í≥µÎ∂ÄÏùåÏïÖ, studymusic, workmusic, ÏóÖÎ¨¥ÏùåÏïÖ, „ÅÇ„Å§„Åæ„Çå „Å©„ÅÜ„Å∂„Å§„ÅÆÊ£Æ, Jazz, relaxingjazz, soothingjazz, jazzmusic, animalcrossingjazz, Ïû¨Ï¶à, Ïû¨Ï¶àÏùåÏïÖ, Ïπ¥ÌéòÏû¨Ï¶à, Í≥µÎ∂ÄÏû¨Ï¶à, studyjazz",en,2024-11-21T14:00:58Z,2021-08-09T22:28:54.102014Z,https://i.ytimg.com/vi/phRZKH1tQsQ/mqdefault.jpg,Lofty Library üìöÔΩúSoothing and Relaxing Jazz + Rain SoundsÔΩúStudy & Work MusicÔΩúAnimal Crossing Ambience,0.11452954594459508,0.0,0.9999999999885058,0.608695652147448,0.49999999991666666,0.45098945746196867,0.4378600001172766,0.025210084033589906,0.22222222220987653,0.7669266658244949
0HDuzhQOhuM,UCD8bOIhcyzSYAwXHVA2ZhHA,https://i.ytimg.com/vi/0HDuzhQOhuM/default.jpg,"deep work music, focus music, relaxing study beats, concentration sounds, intense focus, productivity music, study music, work music, ambient focus, instrumental, brain power, tranquil, serene, calm, background music, effective study, lo-fi work, peaceful focus, meditation music, mindful, stress relief, creative work, chill beats, study session, no lyrics, deep concentration, immersive sound, serene ambiance, workspace music, mental clarity",en,2025-09-22T23:31:16Z,2015-06-26T12:20:00Z,https://i.ytimg.com/vi/0HDuzhQOhuM/mqdefault.jpg,Deep Work Music for Intense Focus | Relaxing Study Beats & Concentration Sounds,0.07899724230284645,0.0,0.7586206896464526,0.9999999999565218,0.0,0.32739553450986275,0.34163928104003133,0.04388422035476761,0.5555555555246914,0.60261557565135
ZrntjQarTQc,UCZR3-lM6Z-n5_UGHlwx_Rpw,https://i.ytimg.com/vi/ZrntjQarTQc/default.jpg,"jazz, jazz music, christmas jazz, relaxing jazz, winter jazz, night jazz, warm jazz, coffee shop music, coffee shop ambience, coffee shop jazz, christmas coffee shop, christmas jazz music, relaxing jazz music, jazz relaxing music, winter jazz music, night jazz music, warm jazz music, relaxing winter jazz, relaxing christmas jazz, warm christmas jazz, warm winter jazz, winter night jazz, christmas night jazz, christmas ambience, winter ambience, relax jazz cafe",en,2025-12-08T02:39:00Z,2023-05-05T03:50:38.113607Z,https://i.ytimg.com/vi/ZrntjQarTQc/mqdefault.jpg,Christmas Jazz Music üéÑ Relaxing Winter Night with Warm Jazz Music at Christmas Coffee Shop Ambience,0.4800322298761819,0.0,0.9885057471150746,0.08695652173534972,0.0,0.5569007337470976,0.593340877232796,0.23249299719866248,0.11111111110493826,0.35814549879734414
lryTH-O0oFc,UCJ_e1WCOrNY9XY6U7IZjwTw,https://i.ytimg.com/vi/lryTH-O0oFc/default.jpg,"christmas jazz, fireplace ambience, winter jazz piano, light rain sounds, cozy fireplace, relaxing jazz music, bright jazz piano, calm winter vibes, jazz for relaxation, winter ambience, peaceful jazz piano, study jazz music, cozy winter mood, fireplace sounds, relaxing background music, jazz for work, snowy day jazz, cozy fireplace ambience, chill jazz piano, Warm Fireplace Ambience, Relaxing Piano Jazz Music, jazz music, fireplace, Cozy Christmas Cabin",en,2025-11-20T14:30:06Z,2025-07-28T14:27:23.230731Z,https://i.ytimg.com/vi/lryTH-O0oFc/mqdefault.jpg,"Warm Fireplace Ambience | Relaxing Piano Jazz Music & Cozy Christmas Cabin for Focus, Reading, Calm",0.020824585494285768,0.0,0.9885057471150746,0.608695652147448,0.49999999991666666,0.1325984391807937,0.17495912885510143,0.036414565826296534,0.0,0.38292458065415497
ZOJep9O6tmg,UC_nrEDtq-0OQEVupubH_QuQ,https://i.ytimg.com/vi/ZOJep9O6tmg/default.jpg,,en,2025-10-16T13:45:06Z,2020-12-04T06:13:46.713113Z,https://i.ytimg.com/vi/ZOJep9O6tmg/mqdefault.jpg,Man spent 60 Days Building a Hidden Bunker in the Forest | Start to Finish,0.02048412905568709,0.0,0.7011494252792971,0.5652173912797731,0.49999999991666666,0.6827799627119185,0.6755108563378854,0.10084033613435962,0.2777777777623457,0.7060985433123523
QJ7OeIrc6Y0,UCxGqSNEPaR62pgyGbsRoS2A,https://i.ytimg.com/vi/QJ7OeIrc6Y0/default.jpg,"lofi beats, autumn lofi, chill lofi, cozy lofi beats, fall lofi vibes, relaxing study music, lofi hip hop mix, focus music, lofi for studying, chill study music, warm autumn lofi, cozy coffee shop lofi, relaxing lofi hip hop, lofi chill mix, calm beats, study session music, autumn leaves ambience, cozy fall vibes, lofi mix 2025, chillhop, lofi work music, relaxing lofi beats, peaceful background music, lofi cafe, coffee shop lofi, fall study mix",en,2025-10-28T23:00:05Z,2023-02-12T09:24:34.902711Z,https://i.ytimg.com/vi/QJ7OeIrc6Y0/mqdefault.jpg,Warm Fall Afternoon Lofi ‚òï Focus & Study Beats ‚Äì Autumn Leaves Background,0.11769579082356278,0.0,0.689655172405866,0.9999999999565218,0.16666666663888888,0.0,0.0,0.2175536881417203,0.11111111110493826,0.27778597060865634
8wv3JJNc-h4,UCdqp0KK_Io7TwK5cJMBvB0Q,https://i.ytimg.com/vi/8wv3JJNc-h4/default.jpg,,en,2025-11-27T20:39:43Z,2015-01-07T02:26:22Z,https://i.ytimg.com/vi/8wv3JJNc-h4/mqdefault.jpg,Whistlindiesel Cheap Truck Challenge (Cummins vs Duramax vs Powerstroke),0.024671743250450823,0.0,0.678160919532435,0.8695652173534971,0.49999999991666666,0.9287457828621705,0.895873593850175,0.2754435107373712,0.5555555555246914,0.8148576481993917
ehZEFJ9GwPU,UCsWIL1Hm87hI38nazLthGRw,https://i.ytimg.com/vi/ehZEFJ9GwPU/default.jpg,"top 40 songs 2025, best songs this week 2025, weekly music chart, trending songs 2025, bruno mars 2025, dua lipa 2025, rihanna 2025, lady gaga 2025, ed sheeran 2025, pop hits 2025, billboard top 40 2025, music playlist 2025, top songs april 2025, new hits 2025, spotify chart 2025, trending tiktok songs 2025, viral music 2025, youtube music 2025, global hits 2025",en,2025-04-22T17:00:06Z,2021-08-18T07:15:57.984874Z,https://i.ytimg.com/vi/ehZEFJ9GwPU/mqdefault.jpg,"Top 40 Songs This Week 2025üéßBest Weekly Hits | Bruno Mars, Dua Lipa, Rihanna, Lady Gaga, Ed Sheeran",0.045246660689764226,0.0,0.9885057471150746,0.7391304347504726,0.16666666663888888,0.27222977732407966,0.3393335661227391,0.001867413632117771,0.22222222220987653,0.7526155479767853
8hvbcAvkuJs,UCfpCQ89W9wjkHc8J_6eTbBg,https://i.ytimg.com/vi/8hvbcAvkuJs/default.jpg,"Alaska, camping, winter, hunting, fishing, crabbing, fishing for crab, king crab, winter camping, solo camping, travel vlog, hot tent camping, cold weather camping, camping in Alaska, extreme camping, backcountry camping, ice fishing, wild camping, catch crab through the ice, Nome Alaska, Nome, hunting ptarmigan, bird hunting, hunting and fishing Alaska, solo winter camping, camp catch cook",en,2025-03-22T11:00:10Z,2015-05-05T00:34:51Z,https://i.ytimg.com/vi/8hvbcAvkuJs/mqdefault.jpg,Camping on Frozen Ocean - 6 Days Fishing for King Crab & Hunting Ptarmigan,0.02746348604695998,0.0,0.7011494252792971,0.47826086954442343,0.8333333331944445,0.984572530970358,0.9508186838083427,0.45191409897250057,0.5555555555246914,0.9552790001502341
A3Lrk5NPjjU,UCgb_cfsnHiDhtiBQ6ezS22Q,https://i.ytimg.com/vi/A3Lrk5NPjjU/default.jpg,"cozy Christmas ambience, snowy day, fireplace sounds, holiday relaxation, Christmas atmosphere, winter vibes, peaceful Christmas, soothing sounds, cozy fireplace, winter wonderland, holiday spirit, tranquil music, relaxing holiday music, Christmas decorations, calming sounds, cozy vibes, festive ambiance, warm and cozy, Christmas joy, serene winter, nature sounds, comforting atmosphere, holiday season, winter relaxation, 4k fireplace, Calm Christmas Melody",en,2024-12-11T00:33:11Z,2024-10-11T12:53:22.965197Z,https://i.ytimg.com/vi/A3Lrk5NPjjU/mqdefault.jpg,Cozy Christmas Ambience  ‚ùÑÔ∏è Relaxing Music on a Snowy Day with Fireplace Sounds üî•,0.029597013062178358,0.0,0.7816091953933149,0.0,0.33333333327777775,0.281605119249036,0.34293956791068386,0.15219421101759834,0.05555555555246913,0.5705968589791531
sF80I-TQiW0,UCuS_-bvOCh4W5Sy11Uf4H5A,https://i.ytimg.com/vi/sF80I-TQiW0/default.jpg,"lofi hip hop, chill lofi, lofi chill, lofi beats, chill beats, lofi, chill lofi beats, lofi music, study lofi, chill music, lofi radio, lofi hip hop mix, lofi mix, lofi hiphop, lofi vibes, chill, focus music, music for reading, asmr lofi, lofi asmr, calm your anxiety, lofi rain, rain lofi, spRerxsOLXk, R6f9LfjeZIs, 1980s Lofi City, chillhop, rainy, lofi study, lofi hip hop radio, study music, lofi city, 1980s, 90's chill lofi, 90's lo-fi chillout",en,2024-06-04T05:02:38Z,2023-11-30T15:01:07.519598Z,https://i.ytimg.com/vi/sF80I-TQiW0/mqdefault.jpg,90's Chill Lofi ‚òïÔ∏è Study Music Lofi Rain Chillhop Beats ‚òîÔ∏è Lofi Rain Playlist,0.4791810887796852,0.0,0.7356321838995904,0.21739130433837428,0.16666666663888888,0.4650336772587037,0.5381677428762536,0.6872082166193397,0.11111111110493826,0.9203042324649232
ivdPyFUPbAk,UCb08iyNkj17w1kNVHUBiACA,https://i.ytimg.com/vi/ivdPyFUPbAk/default.jpg,,en,2025-10-06T09:30:35Z,2020-08-18T18:55:39.394235Z,https://i.ytimg.com/vi/ivdPyFUPbAk/mqdefault.jpg,4 Hours Deep Focus | 50/10 Pomodoro (Lofi Study and Work),0.1574724513998416,0.0,0.5057471264309684,0.39130434780907375,0.0,0.42280097421335483,0.3424822478487964,0.026143790849648792,0.2777777777623457,0.4952561152286243
8UI0LSy1ksg,UCCBinmRArKAxbhq5TZ0PmAQ,https://i.ytimg.com/vi/8UI0LSy1ksg/default.jpg,"fireplace dreams, christmas music, relaxing christmas music, instrumental christmas music, christmas, christmas ambience, christmas ambient, christmas background music, relaxing music, christmas background, christmas piano, soft piano, relax, christmas fireplace, soft piano music, fireplace, relaxing christmas ambience, fireplace crackles, holiday ambience, fireplace sounds, fireplace snowfall, peaceful christmas night, peaceful christmas music, snowfall, snowfall ambience",en,2025-12-02T11:30:08Z,2008-07-10T23:34:58Z,https://i.ytimg.com/vi/8UI0LSy1ksg/mqdefault.jpg,Soothing Christmas Ambience üéÑInstrumental Christmas Music With Fireplace & Relaxing Piano Music,0.125707865678585,0.0,0.9425287356213502,0.47826086954442343,0.16666666663888888,0.2989698400881101,0.41487617539752075,0.03174603174600211,0.9444444443919753,0.5317027582419761
7of0FOINeyA,UC3rnEa4kVvpuhXGZVC4jqjA,https://i.ytimg.com/vi/7of0FOINeyA/default.jpg,"jazz, playlist, Ïû¨Ï¶à, ÌîåÎ†àÏù¥Î¶¨Ïä§Ìä∏, 1940s, oldies lofi jazz, lofi girl, jazz music, relaxing music, piano, cozy, sleep, study, music, songs, lofi jazz, piano jazz, backgroundmusic, morning jazz, vintage, christmas, carol song, Nemo's Dreamscapes, snoopy jazz, friends, 1940s oldies music playing in another room, relaxing background music, 1940s vintage jazz, Morning Jazz with Snoopy, 4K Cozy Coffee Shop with Smooth Piano Jazz Music for Relaxing, Top hits 2025, Disney, MONKEY BGM, christmas songs",en,2025-11-05T11:00:15Z,2025-09-01T05:47:59.185664Z,https://i.ytimg.com/vi/7of0FOINeyA/mqdefault.jpg,cozy and warm,0.13788485763246436,0.0,0.0,0.47826086954442343,0.33333333327777775,0.3647998341314193,0.26930975124172846,0.048552754435062045,0.0,0.3402648578119896
oYoXxPCQsoM,UCaz39nABFwMc3hK_ZyoWrIg,https://i.ytimg.com/vi/oYoXxPCQsoM/default.jpg,"deep sleep music, meditation music, music for sleep, music therapy, piano music, relaxing music, relaxing sleep music, sleep music, gentle rain, rain sounds, soft rain sounds, rain sounds for sleeping, warm room, deep sleep, peaceful music, heavy rain, calm music, sleep sounds, rain ambience, rain and piano, rainy day, soothing music, relaxing rain, rain forest, stress relief, rain on window, sleeping music, Japanese house rain, serene rainy sleep music, cozy room",en,2025-08-29T21:00:06Z,2024-11-26T14:08:32.678898Z,https://i.ytimg.com/vi/oYoXxPCQsoM/mqdefault.jpg,"Relaxing Piano and Soft Rain - Healing Sleep Music for Insomnia and Deep Rest, Stress Relief",0.11836535515280686,0.0,0.9080459770010569,0.913043478221172,0.6666666665555555,0.3750027589133959,0.42734130577650936,0.19047619047601264,0.05555555555246913,0.6199801371242654
nv_2rz5BFDA,UCbIMs1cJMngsMrcSgbXw1vQ,https://i.ytimg.com/vi/nv_2rz5BFDA/default.jpg,,en,2025-07-04T11:10:56Z,2025-06-27T05:03:22.250769Z,https://i.ytimg.com/vi/nv_2rz5BFDA/mqdefault.jpg,Just Thinking...Retro Jazz,0.1116697118603662,0.0,0.1494252873546043,0.47826086954442343,0.6666666665555555,0.5041579277877118,0.45682306808120027,0.14939309056942168,0.0,0.7632110292655709
JElyhCKzhWI,UC0nhLOlJnqSlSHhPc2Iea4A,https://i.ytimg.com/vi/JElyhCKzhWI/default.jpg,"vintage music, music from another room, music in another room, oldies playing in the other room and it's raining, old music playing in another room, oldies sleep music, vintage ambiance, vintage music playing in another room, music playing in another room, jazz playing in another room, vintage oldies, jazz playing in another room and it's raining, lepreezy, 1940s cozy vintage oldies, jazz, vintage jazz, oldies music, oldies playing in another room, jazz rain, jazz relaxing music",en,2025-06-28T14:10:32Z,2019-04-01T10:38:46Z,https://i.ytimg.com/vi/JElyhCKzhWI/mqdefault.jpg,vintage jazz on a rainy 1940s night | cozy ambience to relax,0.122530272251664,0.0,0.5402298850512617,0.608695652147448,0.8333333331944445,0.5875350852429216,0.5562641325455736,0.12324929971977287,0.3333333333148148,0.7198315633243668
zw3R5x3BpO8,UCa8uIf1mePRF34SyGPejoAg,https://i.ytimg.com/vi/zw3R5x3BpO8/default.jpg,"warm winter jazz, cozy fireplace jazz, snowy ambience jazz, relaxing jazz music, winter coffee shop jazz, christmas jazz instrumental, smooth jazz for study, jazz for work and relaxation, cozy winter background music, jazz for snowy days, winter lounge jazz, no ads, chill winter vibes, holiday jazz mix, peaceful instrumental jazz",en,2025-12-01T12:02:09Z,2024-12-09T12:12:03.820995Z,https://i.ytimg.com/vi/zw3R5x3BpO8/mqdefault.jpg,"üéÑ Cozy Christmas Cabin Jazz (NO MID-ROLL ADS) ‚Äì Fireplace Ambience for Relaxing, Study & Work",0.17535776297422545,0.0,0.919540229874488,0.5217391304120983,0.0,0.32358422400905185,0.4016245197879316,0.179271708683306,0.05555555555246913,0.48464465381515903
049yxgjQIE8,UClADcB8hXntdpLgnGXhajrw,https://i.ytimg.com/vi/049yxgjQIE8/default.jpg,"Christmas Jazz, Christmas Carols, Christmas Music, Christmas Playlist, Xmas Jazz, Winter Jazz, Jazz Carols, Christmas BGM, Winter Playlist, Cafe Jazz Music, Cafe Jazz, Smooth Jazz, Saxophone Jazz, Sentimental Jazz, Elegant Jazz, Urban Jazz, Contemporary Jazz, Warm Jazz, Cozy Jazz, Soft Jazz, Mellow Jazz, Relaxing Jazz, Lounge Jazz, Cafe Music, Coffee Shop Music, Background Music, Study Music, Work Music, Restaurant Music, Hotel Lobby Music, Playlist, AI Music",en,2025-11-29T08:56:01Z,2025-11-14T21:46:45.651588Z,https://i.ytimg.com/vi/049yxgjQIE8/mqdefault.jpg,Smooth Jazz Christmas Carols ‚ùÑÔ∏è 3 Hours | Relaxing Saxophone Jazz for Cafe & Work ‚Ä¢ No Mid-Roll Ads,0.11761635098788976,0.0,0.9885057471150746,0.3478260869413989,0.8333333331944445,0.2734656674174422,0.2213775378313451,0.0,0.0,0.6056339812069441
fzDqfdmvw2o,UCidPRduDamXM2vUM2SZHsEQ,https://i.ytimg.com/vi/fzDqfdmvw2o/default.jpg,"chopin, nocturne, classical, classical music, fr√©d√©ric chopin, chopin nocturnes, chopin piano, chopin nocturne, best of chopin, the best of chopin, chopin nocturne op. 9 no. 2, classical piano, piano music, classical music for relaxation, –∫–ª–∞—Å—Å–∏—á–µ—Å–∫–∞—è –º—É–∑—ã–∫–∞, relaxing classical music, nocturne in e flat major, nocturne op 9 no 2, nocturne in c sharp minor, frederic chopin, chopin waltzes, chopin etudes, chopin waltz, piano chopin, ÏáºÌåΩ ÎÖπÌÑ¥, ÏáºÌåΩ, „Ç∑„Éß„Éë„É≥, classical music for studying",en,2025-06-28T11:00:06Z,2025-05-29T16:20:19.095593Z,https://i.ytimg.com/vi/fzDqfdmvw2o/mqdefault.jpg,"4 Hours Chopin for Studying, Concentration & Relaxation",0.1380323887558571,0.0,0.4827586206841062,0.47826086954442343,0.8333333331944445,0.32845681956873785,0.32303371372457923,0.0774976657328875,0.0,0.6528619035488469
g4GeKfQxeD4,UC4EQ1cAWjRaGniJZ9bcRMOQ,https://i.ytimg.com/vi/g4GeKfQxeD4/default.jpg,"cozywinter, cozyambience, winterambience, bedroomambience, warmfireplace, fireplaceambience, relaxingpianomusic, softpianomusic, pianosleepmusic, pianorelaxation, calmpianomusic, winterpiano, wintercozyroom, snowfallambience, snowynight, cozybedroomvibes, warmandcozy, pianoforstudying, pianoforreading, deepsleepmusic, studywithme, calmingwinterambience, softwinterpiano, christmasrelaxation, quietnightvibes, relaxandunwind, wintercomfort, peacefulpiano, calmingmusicbackground, warmfirelight, pianolullaby, winterrest",en,2025-12-08T04:27:04Z,2018-09-12T17:41:19Z,https://i.ytimg.com/vi/g4GeKfQxeD4/mqdefault.jpg,üéπüî•Relaxing Lounge Piano | Winter Fire & Snowfall for 5 Hours | Focus Recharge Boost Mood Meditation,0.21144614546568524,0.0,0.9885057471150746,0.17391304347069944,0.0,0.2485346827115095,0.2854392117556791,0.05322128851535647,0.38888888886728395,0.414678253692352
CFGLoQIhmow,UCSJ4gkVC6NrvII8umztf0Ow,https://i.ytimg.com/vi/CFGLoQIhmow/default.jpg,"chilledcow, chilled cow, lofi, lofi hiphop, lofi hip hop, lo-fi hiphop, lo fi hip-hop, lofigirl, lofi girl, relaxing beats, beats, chill beats",en,2024-10-17T19:00:07Z,2015-03-18T15:36:55Z,https://i.ytimg.com/vi/CFGLoQIhmow/mqdefault.jpg,lofi hip hop mix üìö beats to relax/study to (Part 1),0.10940000226970835,0.0,0.4367816091903818,0.8260869564858223,0.49999999991666666,0.9679581312408208,0.9261160958541348,0.2838468720819012,0.5555555555246914,0.7766803713916723
